Company,Contact Name,Contact Emails,Contact Phones,custom.Company Founded,custom.Company Revenue,Company US State
Digitube,Antonie Rhodes,,"+86-932-840-9581
+1-404-849-0629",17.05.1987,$1231970.94,California
Digitube,Idette Sooley,isooley1@deviantart.com,+1-404-849-0629,17.05.1987,$1231970.94,California
Digitube,Bee Buchan,,+86-217-818-6319,17.05.1987,$1231970.94,California
Digitube,Arnie Grabert,,+212-783-481-4774,17.05.1987,$1231970.94,California
Digitube,Jeffry Kener,"jkener4@sakura.ne.??jp,mrossiter5@msn.com",+33-717-573-4238,17.05.1987,$1231970.94,California
Re√§lfire,Maryrose Rossiter,mrossiter5@msn.com,+62-451-632-8586,07.09.1968,$1405289.38,California
Re√§lfire,Sonny Wink,,"+976-209-909-0783
+351-654-670-0293",07.09.1968,$1405289.38,California
Re√§lfire,Cody Heazel,,,07.09.1968,$1405289.38,California
Re√§lfire,Freda Facher,,+54-495-442-1554,07.09.1968,$1405289.38,California
Dynabox,,jpiotrowski9@jiathis.com,+86-821-620-7731,13.09.1979,,California
Blogpad,Sula Polin,,+46-514-346-4894,15.3.1976,$7657374.19,New Mexico
Blogpad,Maddie Hurche,mhurcheb@yellowbook.com,,15.3.1976,$7657374.19,New Mexico
Blogpad,BARYRAM ABRAMOVICI,"babramovicic@princeton.edu
",+123,15.3.1976,$7657374.19,New Mexico
DabZ,,,,,$7085161.41,California
Wikizz,GERRIE HUBBLE,ghubblee@homestead.com,+46-157-324-5136,,$1755406.26,New York
Yombu,Livvyy,,+269-119-638-8960,21.11.1996,$1751869.20,New York
Blogpad,Leonelle Barbara,lbarbarag@furl.net,,15.3.1976,$7657374.19,New Mexico
Blogpad,Kathie Lecount,klecounth@biglobe.ne.jp;lbarbarag@furl.net,+66-172-847-2705,15.3.1976,$7657374.19,New Mexico
Jazzy,Jillayne Yanshonok,,+93-311-125-0535,15.05.2019,$4628141.56,California
Oyope,Celina D'Andrea,cdandreaj@weibo.com,+1-505-487-2024,08.07.1985,$8836236.63,New York
Babbleset,Mile Yurenin,,+86-901-520-7260,23.08.1975,$8272415.34,
Aibox,,mchatelotl@fastcompany.com,+86-120-525-4742,29.03.1963,,New York
Innojam,Alana Zannotelli,azannotellim@netscape.com,,03.01.1970,$7509579.25,
Geba,Kinny Swinnerton,kswinnertonnnydailynews.com,+7-173-226-9372,26.01.1985,$2821238.64,California
Jazzy,Ninon Cicetti,ncicettio@bandcamp.com,+81-100-648-9639,15.05.2019,$4628141.56,California
Jazzy,Grier Biaggelli,,+81-512-474-4345,15.05.2019,$4628141.56,California
Jazzy,Stephani Leishman,sleishmanq@infoseek.co.jp,+54-382-110-4210,15.05.2019,$4628141.56,California
Jazzy,Weber McGibbon,wmcgibbonr@chron.com,+963-356-509-2405,15.05.2019,$4628141.56,California
Ainyx,Gertrud Van Hove,gvans@dailymotion.com,+351-881-786-7101,8.6.1987,$267230.89,New York
Zoombeat,KAI BENEZEIT,,+41-844-919-3645,21.01.1978,$4674023.84,California
Tagcat,LAINA STRELITZKI,lstrelitzkiu@google.ca,,18.06.1980,$8439123.19,California
Yakitri,BENEDICTA GARRICK,,+962-220-613-7559,03.06.1966,$2485628.31,California
Reallinks,Ralph  Blakeslee,rblakesleew@elegantthemes,+351-521-964-4494,29.05.1979,"$2,777,611.57",California
Reallinks,Valery Laffranconi,,+55-173-112-9611,29.05.1979,"$2,777,611.57",California
Reallinks,Windham Stanton,wstantony@ameblo.jp,+86-912-480-7204,29.05.1979,"$2,777,611.57",California
Reallinks,Shandy Kembrey,,+1-410-622-0975,29.05.1979,"$2,777,611.57",California
Mymm,Gerry Hazeltine,ghazeltine10@state.tx.us,+62-427-467-8010,31.03.2020,$1556506.68,New York
Vitz,Dore Kinsman,dkinsman11@pen.io,+94-471-542-4768,24.03.2007,$7534571.75,California
Zoomlounge,Nonie Heeley IV,nheeley12@gnu.org,+27-883-622-9140,20.10.2007,$4829247.36,California
Snaptags,Laney Assante,lassante13@tinypic.com,+380-745-630-4523,28.04.2017,$1197052.45,New York
Skinix,Blane Holley,bholley14@imageshack.us,+62-941-312-0888,,$9634912.43,New York
Topicware,Elizabet Bauchop,ebauchop15@theglobeandmail.com,+1-516-471-6176,14.12.1972,$5621406.02,California
Cogibox,,ypenton16@dmoz.org,+62-334-628-6275,06.10.1984,,California
Youspan,Mirilla Nials,mnials17@mit.edu,unknown,02.07.2016,$3315498.67,New York
Lay√∂,Abbye Rabjohns,arabjohns18@umich.edu,+86-655-763-6644,27.02.1971,"$279,337.63",California
Lay√∂,Diahann Episcopi,depiscopi19@webmd.com,+86-457-634-4770,27.02.1971,"$279,337.63",California
Lay√∂,Mr. Reggie van Vanyashkin,rvanyashkin1a@youtu.be,+7-506-352-0463,27.02.1971,"$279,337.63",California
Quaxo,Aleece,,+86-220-952-6255,,$4470030.81,California
Skinte,,bmathwen1c@jigsy.com,+58-586-603-5644,,,
Skynoodle,Ronnica Ions,,+30-304-210-1755,23.06.1985,$3395497.81,California
Zoomcast,Rakel Accum,raccum1e@wikipedia.org,+86-899-565-9810,,$8100864.36,California
Linklinks,jojo mcwaters,jmcwaters1f@oakley.com,,29.11.1976,$8736753.54,California
Flipstorm,stella skala,sskala1g@privacy.gov.au,+86-337-512-4727,16.02.1963,$6069278.62,Minnesota
Gabvine,doretta winspear,dwinspear1h@npr.org,üìû +62-445-430-0381,24.01.2005,$8718314.97,New York
Tagopia,joseito leslie,,+86-173-158-4533,05.08.1998,$4136812.18,California
Zoozzy,kristy aylott,,+49-417-559-9169,23.06.1975,$9894773.62,New York
Zoozzy,wallache grigore,"wgrigore1k@eepurl.com
info@example.com",+86-524-961-5142,23.06.1975,$9894773.62,New York
Zoozzy,Bridie Bickmore,,+63-513-660-3866,23.06.1975,$9894773.62,New York
Zoozzy,Annmarie Menichini,amenichini1m@sbwire.com,+1-545-540-6443,23.06.1975,$9894773.62,New York
Zoozzy,Marie-jeanne Summons,,+1-389-310-7956,23.06.1975,$9894773.62,New York
Zoozzy,Llewellyn Comer,,+1-943-822-4935,23.06.1975,$9894773.62,New York
Zoozzy,Bianka Rock,brock1p@acquirethisname.com,+31-890-569-0176,23.06.1975,$9894773.62,New York
Zoozzy,Alick Wrate,awrate1q@ocn.ne.jp,+48-403-150-6942,23.06.1975,$9894773.62,New York
Zoozzy,DR. Wendel Buttle,wbuttle1r@mail.ru,+255-228-257-7255,23.06.1975,$9894773.62,New York
Zoozzy,Normand Fosher,nfosher1s@google.ru,+47-818-587-9224,23.06.1975,$9894773.62,New York
Zoozzy,lUcKy uTtRiDgE,luttridge1t@yolasite.com,+??-867-524-6017,23.06.1975,$9894773.62,New York
Teklist,PaTrIzIo pEdDeRsEn,ppeddersen1u@1und1.de,+1-882-521-2466,23.3.1967,$3653283.58,Delaware
Edgeblab,bArD AkEd,baked1v@economist.com,+30-363-953-6928,11.11.2009,"$1,587,892.90",New Mexico
Trilia,mInTa sPuRiEr,mspurier1w@so-net.ne.jp,+46-148-757-0981,28.01.2013,$9528447.69,California
Roodel,mErEdEtH BrIsArD,mbrisard1x@mediafire.com,+994-148-552-8120,05.08.2013,$1105969.66,California
Voomm,AlWyN HoWlInGs,ahowlings1y@washington.edu,+52-277-680-5567,22.11.1981,$5424390.37,California
Youtags,gArReTh lAnKtReE,glanktree1z@sina.com.cn,+33-281-949-3824,,$1359653.04,New York
Gigabox,Laughton Wolfendell,lwolfendell20@npr.org,+351-595-105-8323,10.08.2016,$7161055.19,California
Twimm,Sheridan Benoy,sbenoy21@joomla.org,+86-360-986-5206,13.07.1969,$9210746.12,New York
Skyble,Nyssa Balassi,,+351-932-711-8828,20.05.1964,$1728344.76,
Avavee,Tonye Kelk,tkelk23@hc360.com,+7-826-880-5227,04.04.2005,$4816410.15,California
Avavee,Annalee Terran,,+86-180-595-9706,04.04.2005,$4816410.15,California
Avavee,Jolee Austick,"jaustick25@eepurl.com
tkelk23@hc360.com",+46-717-338-5205,04.04.2005,$4816410.15,California
Flashset,Agathe Hoonahan,,+62-724-564-5427,19.04.1991,$221895.00,New York
Browsedrive,Amandi Posse,,,27.04.1962,$5162997.69,California
Voolith,Dion Winsper,dwinsper28@sfgate.com,+55-441-880-7302,17.01.1995,$9616429.25,
Skippad,Friedrick Aisman,,+62-353-327-3533,23.12.2022,$2986741.99,California
Vitz,,,+46-416-514-9908,24.03.2007,$7534571.75,California
Realmix,Staford,shallmark2b@freewebs.com,+48-581-681-7032,16.12.2018,"$7,620,578.88",California
Realmix,Eddi,ecrim2c@mapquest.com,+63-810-766-1324,16.12.2018,"$7,620,578.88",California
Realmix,Millie Jahnig,,+86-646-263-2751,16.12.2018,"$7,620,578.88",California
Eare,Arlee Simes,asimes2e@toplist.cz,+1-231-714-8995,11.02.2022,$2116514.74,California
Eare,Andrus Papachristophorou,apapachristophorou2f@weebly.com,+86-135-448-0706,11.02.2022,$2116514.74,California
Skibox,Bord Vevers,bvevers2g@va.gov,+86-701-373-7725,,$7152856.60,New York
Thoughtbeat,Kenton Duberry,kduberry2h@hubpages.com,,21.12.1973,$9105917.51,New York
Kwilith,Nikaniki Harrie,nharrie2i@sfgate.com,+81-151-460-8061,17.07.1965,$1512473.34,California
Fatz,Aggi Fahy,afahy2j@dyndns.org,+86-282-444-5732,17.10.1996,$4318434.39,New York
Blogpad,Yanaton Joselevitch,yjoselevitch2k@pinterest.com,,15.3.1976,$7657374.19,New Mexico
Eimbee,,,+86-933-527-1365,12.06.2003,,Minnesota
Eimbee,Gussy Hampshire,,+63-439-171-9583,12.06.2003,,Minnesota
Eimbee,Harmon Tuckwood,htuckwood2n@mlb.com,+237-462-363-8087,12.06.2003,,Minnesota
Eimbee,Omero Claxson,oclaxson2o@eepurl.com,,12.06.2003,,Minnesota
Dabfeed,,hclelland2p@prnewswire.com,+55-191-345-9026,,,New York
Tazzy,Kennett Rubinovitsch,krubinovitsch2q@utexas.edu,+7-390-448-5944,22.10.2022,$4145506.95,
Mymm,Leda Anthonsen,lanthonsen2r@archive.org,,31.03.2020,$1556506.68,New York